{
    "date": "2020\/3\/6 21:00",
    "labels": [
        "1\/1~1\/5",
        "1\/6~1\/12",
        "1\/13~1\/19",
        "1\/20~1\/26",
        "1\/27~2\/2",
        "2\/3~2\/9",
        "2\/10~2\/16",
        "2\/17~2\/23",
        "2\/24~3\/1",
        "3\/2~3\/8"
    ],
    "datasets": [
        {
            "label": "外国人",
            "data": [
                18656,
                16656,
                17548,
                15963,
                14611,
                13711,
                12997,
                12374,
                13734,
                14271
            ]
        },
        {
            "label": "台湾同胞",
            "data": [
                9656,
                8656,
                7548,
                7963,
                7611,
                7711,
                5997,
                7374,
                5734,
                6271
            ]
        },
        {
            "label": "港澳同胞",
            "data": [
                2122,
                1722,
                1516,
                1421,
                1632,
                1492,
                1464,
                1553,
                1492,
                1381
            ]
        }
    ]
}