{
  "date": "2020\/08\/01 02:00",
  "datasets": [
    {
      "label": "3月",
      "data": [2.69, -0.94, 7.48]
    },
    {
      "label": "4月",
      "data": [-0.10, 1.11, -2.95]
    },
    {
      "label": "5月",
      "data": [0.23, 3.47, 0.31]
    },
    {
      "label": "6月",
      "data": [0.55, 4.64, 0.92]
    },
    {
      "label": "7月",
      "data": [0.46, 4.97, 1.12]
    }
  ],
  "labels": ["确诊变化率", "治愈变化率", "死亡变化率"],
  "base_period": "1月20日~1月24日"
}