{
  "date": "2020\/08\/01 02:00",
  "datasets": [
    {
      "label": "3月",
      "data": [0.69, 0.34, 0.48]
    },
    {
      "label": "4月",
      "data": [0.23, 0.81, 0.95]
    },
    {
      "label": "5月",
      "data": [-0.54, 1.27, -0.31]
    },
    {
      "label": "6月",
      "data": [-0.89, 1.64, -0.92]
    },
    {
      "label": "7月",
      "data": [0.26, 1.23, -0.12]
    }
  ],
  "labels": ["确诊变化率", "治愈变化率", "死亡变化率"],
  "base_period": "1月20日~1月24日"
}